ID,name,createdAt,createdBy,modifiedAt,modifiedBy
23178972-bdbe-43cd-8b19-0211900eb636,name-23178972,2018-08-21T00:00:00.000Z,createdBy.dst0c@example.net,2022-09-04T00:00:00.000Z,modifiedBy.dst0c@example.net
29613381-2257-4311-8c51-f6eb60813b0c,name-29613381,2002-08-29T00:00:00.000Z,createdBy.hmptx@example.com,2013-02-21T00:00:00.000Z,modifiedBy.hmptx@example.com
29613382-7670-4912-a855-936d309ed056,name-29613382,2008-06-13T00:00:00.000Z,createdBy.hmpty@example.org,2018-01-15T00:00:00.000Z,modifiedBy.hmpty@example.org
29613383-dc3a-4b03-9eaf-1976604f9f14,name-29613383,2014-08-09T00:00:00.000Z,createdBy.hmptz@example.com,2021-12-14T00:00:00.000Z,modifiedBy.hmptz@example.net
29613384-7543-4349-b087-ecb065e6adce,name-29613384,2012-01-31T00:00:00.000Z,createdBy.hmpu0@example.net,2010-02-26T00:00:00.000Z,modifiedBy.hmpu0@example.com
29613385-df1b-413b-ba7b-8ef72c42f0e5,name-29613385,2004-01-03T00:00:00.000Z,createdBy.hmpu1@example.com,2020-04-29T00:00:00.000Z,modifiedBy.hmpu1@example.com
29613386-12c0-4ba8-9f71-839d3e33254e,name-29613386,2014-01-08T00:00:00.000Z,createdBy.hmpu2@example.org,2008-01-08T00:00:00.000Z,modifiedBy.hmpu2@example.org
29613387-cf66-4d57-8e7f-b3bc8e2ff0eb,name-29613387,2011-07-15T00:00:00.000Z,createdBy.hmpu3@example.org,2011-04-18T00:00:00.000Z,modifiedBy.hmpu3@example.net
29613388-014f-40ac-bfa4-fa47b239ee38,name-29613388,2013-07-18T00:00:00.000Z,createdBy.hmpu4@example.com,2014-12-03T00:00:00.000Z,modifiedBy.hmpu4@example.net
29613389-636d-4216-8ecb-4c6ee208bfc8,name-29613389,2008-12-15T00:00:00.000Z,createdBy.hmpu5@example.org,2003-04-15T00:00:00.000Z,modifiedBy.hmpu5@example.net
29613390-cf3e-4fc1-b9e9-bd4947bbc503,name-29613390,2004-06-07T00:00:00.000Z,createdBy.hmpu6@example.org,2000-01-01T00:00:00.000Z,modifiedBy.hmpu6@example.com
29613391-81c1-4337-98bc-69572f761d3e,name-29613391,2008-03-28T00:00:00.000Z,createdBy.hmpu7@example.com,2007-10-14T00:00:00.000Z,modifiedBy.hmpu7@example.com
29613392-4a07-4d90-96c1-73b062cd22ea,name-29613392,2006-09-15T00:00:00.000Z,createdBy.hmpu8@example.org,2020-08-31T00:00:00.000Z,modifiedBy.hmpu8@example.org
29613393-9e8b-4c66-a041-9a62840938c1,name-29613393,2007-11-29T00:00:00.000Z,createdBy.hmpu9@example.org,2008-07-23T00:00:00.000Z,modifiedBy.hmpu9@example.net
29613394-d882-4f67-b6f4-499a76dd9032,name-29613394,2011-11-10T00:00:00.000Z,createdBy.hmpua@example.net,2010-10-28T00:00:00.000Z,modifiedBy.hmpua@example.org
29613395-0cf8-4833-a10b-ae1361ae3e4e,name-29613395,2012-01-30T00:00:00.000Z,createdBy.hmpub@example.org,2015-08-15T00:00:00.000Z,modifiedBy.hmpub@example.com
29613396-060e-430d-8f49-5738976db923,name-29613396,2011-11-08T00:00:00.000Z,createdBy.hmpuc@example.org,2020-11-11T00:00:00.000Z,modifiedBy.hmpuc@example.org
29613397-2c5c-49c4-b6e8-94ab59f43766,name-29613397,2017-10-14T00:00:00.000Z,createdBy.hmpud@example.net,2015-07-31T00:00:00.000Z,modifiedBy.hmpud@example.org
29613398-fe39-4c95-83b0-c86b104fc538,name-29613398,2011-04-15T00:00:00.000Z,createdBy.hmpue@example.org,2019-03-24T00:00:00.000Z,modifiedBy.hmpue@example.org
29613399-82f3-411d-8d2a-4ae4ba263402,name-29613399,2010-03-09T00:00:00.000Z,createdBy.hmpuf@example.com,2012-05-04T00:00:00.000Z,modifiedBy.hmpuf@example.com
29613400-b3bd-4c1a-92dd-c041acb8d667,name-29613400,2018-04-20T00:00:00.000Z,createdBy.hmpug@example.com,2018-08-11T00:00:00.000Z,modifiedBy.hmpug@example.com
29613401-56ff-453a-acaa-b823da7b1259,name-29613401,2006-05-08T00:00:00.000Z,createdBy.hmpuh@example.org,2016-04-30T00:00:00.000Z,modifiedBy.hmpuh@example.org
29613402-1dcc-4870-9d3b-fabfbf636b52,name-29613402,2012-06-20T00:00:00.000Z,createdBy.hmpui@example.org,2010-12-16T00:00:00.000Z,modifiedBy.hmpui@example.net
29613403-1068-460e-ac19-dca5c5d97742,name-29613403,2002-04-21T00:00:00.000Z,createdBy.hmpuj@example.com,2006-04-24T00:00:00.000Z,modifiedBy.hmpuj@example.com
29613404-8032-40ca-83f9-2ae315b06049,name-29613404,2022-10-05T00:00:00.000Z,createdBy.hmpuk@example.net,2007-12-21T00:00:00.000Z,modifiedBy.hmpuk@example.com
29613405-68a9-43be-b511-0f0d8c5fe5eb,name-29613405,2004-01-21T00:00:00.000Z,createdBy.hmpul@example.com,2008-11-23T00:00:00.000Z,modifiedBy.hmpul@example.org
29613406-5e3d-4011-a07c-d7f48f3074c6,name-29613406,2001-02-14T00:00:00.000Z,createdBy.hmpum@example.net,2011-10-05T00:00:00.000Z,modifiedBy.hmpum@example.com
29613407-c24a-4dbc-ba45-70dd2374ef10,name-29613407,2021-12-25T00:00:00.000Z,createdBy.hmpun@example.org,2009-10-20T00:00:00.000Z,modifiedBy.hmpun@example.com
29613408-0ac3-48c4-8b2b-2a9fdf846faa,name-29613408,2002-10-02T00:00:00.000Z,createdBy.hmpuo@example.org,2015-03-13T00:00:00.000Z,modifiedBy.hmpuo@example.org
29613409-12e8-4a2d-bc47-a7bda247ea33,name-29613409,2005-05-13T00:00:00.000Z,createdBy.hmpup@example.org,2017-10-17T00:00:00.000Z,modifiedBy.hmpup@example.org
29613410-6d70-4f97-bc4a-d07c0fc540ab,name-29613410,2007-05-19T00:00:00.000Z,createdBy.hmpuq@example.net,2017-05-31T00:00:00.000Z,modifiedBy.hmpuq@example.org
29613411-7510-4110-880a-e20dddce9a95,name-29613411,2020-12-11T00:00:00.000Z,createdBy.hmpur@example.org,2011-10-07T00:00:00.000Z,modifiedBy.hmpur@example.org
29613412-6f60-4d3c-9040-020265aca332,name-29613412,2000-12-25T00:00:00.000Z,createdBy.hmpus@example.com,2000-06-17T00:00:00.000Z,modifiedBy.hmpus@example.net
29613413-bfab-4ad1-b34d-cf932e699ad3,name-29613413,2003-12-09T00:00:00.000Z,createdBy.hmput@example.com,2015-10-15T00:00:00.000Z,modifiedBy.hmput@example.com
29613414-2bb3-4de3-8cc7-3a744b83d668,name-29613414,2021-01-22T00:00:00.000Z,createdBy.hmpuu@example.org,2003-11-06T00:00:00.000Z,modifiedBy.hmpuu@example.net
29613415-72df-4149-afdb-269dc6e9e7a0,name-29613415,2023-11-18T00:00:00.000Z,createdBy.hmpuv@example.com,2016-08-06T00:00:00.000Z,modifiedBy.hmpuv@example.org
29613416-4c4c-436d-98ac-78c70052c808,name-29613416,2012-02-15T00:00:00.000Z,createdBy.hmpuw@example.com,2022-06-09T00:00:00.000Z,modifiedBy.hmpuw@example.net
29613417-7d41-4097-9a2f-16d352823080,name-29613417,2011-05-18T00:00:00.000Z,createdBy.hmpux@example.net,2001-03-01T00:00:00.000Z,modifiedBy.hmpux@example.net
29613418-a6cb-4882-84a1-59cd9a720f83,name-29613418,2012-03-26T00:00:00.000Z,createdBy.hmpuy@example.org,2021-06-09T00:00:00.000Z,modifiedBy.hmpuy@example.com
29613419-851a-449a-8517-7d9307cb8859,name-29613419,2019-12-30T00:00:00.000Z,createdBy.hmpuz@example.org,2004-06-03T00:00:00.000Z,modifiedBy.hmpuz@example.com
29613420-67cb-458c-9d69-a4ee57eb6ee9,name-29613420,2019-06-01T00:00:00.000Z,createdBy.hmpv0@example.org,2017-05-28T00:00:00.000Z,modifiedBy.hmpv0@example.org
29613421-98f6-4364-8f62-f4a8446c6c03,name-29613421,2021-03-10T00:00:00.000Z,createdBy.hmpv1@example.com,2007-11-16T00:00:00.000Z,modifiedBy.hmpv1@example.com
29613422-f5a7-4d9d-973d-1e3297d1fa2d,name-29613422,2012-11-01T00:00:00.000Z,createdBy.hmpv2@example.org,2009-12-22T00:00:00.000Z,modifiedBy.hmpv2@example.org
29613423-6715-42de-af0f-b7d7c6efd4b1,name-29613423,2001-01-07T00:00:00.000Z,createdBy.hmpv3@example.org,2021-08-22T00:00:00.000Z,modifiedBy.hmpv3@example.org
29613424-40d3-45b1-a358-c4b1c40600a3,name-29613424,2018-09-14T00:00:00.000Z,createdBy.hmpv4@example.com,2014-02-08T00:00:00.000Z,modifiedBy.hmpv4@example.org
29613425-de41-4984-a74c-214a5ea605c2,name-29613425,2004-10-23T00:00:00.000Z,createdBy.hmpv5@example.net,2010-10-06T00:00:00.000Z,modifiedBy.hmpv5@example.net
29613426-66fb-4eed-b5b8-253c14c26269,name-29613426,2015-06-20T00:00:00.000Z,createdBy.hmpv6@example.com,2020-05-01T00:00:00.000Z,modifiedBy.hmpv6@example.org
29613427-60c0-4d2a-8a34-6276c2d03f17,name-29613427,2001-02-02T00:00:00.000Z,createdBy.hmpv7@example.org,2013-07-26T00:00:00.000Z,modifiedBy.hmpv7@example.com
29613428-c79e-4471-83b1-2853d07c7d45,name-29613428,2009-07-23T00:00:00.000Z,createdBy.hmpv8@example.com,2007-10-30T00:00:00.000Z,modifiedBy.hmpv8@example.com
29613429-73b7-45e5-9dd1-eab6194e4b3e,name-29613429,2011-03-13T00:00:00.000Z,createdBy.hmpv9@example.com,2023-11-29T00:00:00.000Z,modifiedBy.hmpv9@example.net
29613430-8ff1-4942-af7e-13026830b0bf,name-29613430,2002-09-12T00:00:00.000Z,createdBy.hmpva@example.net,2018-08-27T00:00:00.000Z,modifiedBy.hmpva@example.com
29613431-7a54-48ea-9374-3736ea19c164,name-29613431,2019-04-07T00:00:00.000Z,createdBy.hmpvb@example.org,2002-10-03T00:00:00.000Z,modifiedBy.hmpvb@example.com
29613432-7b48-4752-8cd7-e1e70c8d66fa,name-29613432,2005-01-14T00:00:00.000Z,createdBy.hmpvc@example.net,2002-06-14T00:00:00.000Z,modifiedBy.hmpvc@example.com
29613433-f879-439d-b838-71e60931dd2d,name-29613433,2004-08-12T00:00:00.000Z,createdBy.hmpvd@example.net,2010-10-28T00:00:00.000Z,modifiedBy.hmpvd@example.com
29613434-f609-4658-951f-d97b947c2493,name-29613434,2004-05-23T00:00:00.000Z,createdBy.hmpve@example.org,2005-08-01T00:00:00.000Z,modifiedBy.hmpve@example.org
29613435-7099-4b3b-97d8-901567e3ad9d,name-29613435,2022-02-07T00:00:00.000Z,createdBy.hmpvf@example.org,2011-10-29T00:00:00.000Z,modifiedBy.hmpvf@example.net
29613436-69b3-48d6-bb30-f34759dae430,name-29613436,2001-08-10T00:00:00.000Z,createdBy.hmpvg@example.com,2001-12-07T00:00:00.000Z,modifiedBy.hmpvg@example.org
29613437-7de7-4f50-b19b-dfbf4968a535,name-29613437,2018-06-05T00:00:00.000Z,createdBy.hmpvh@example.net,2013-04-19T00:00:00.000Z,modifiedBy.hmpvh@example.com
29613438-8cea-444d-9cfc-ff17f3ea6cf8,name-29613438,2016-02-02T00:00:00.000Z,createdBy.hmpvi@example.org,2023-02-23T00:00:00.000Z,modifiedBy.hmpvi@example.net
29613439-2f8a-4c2f-9846-b51b8b5f41d4,name-29613439,2007-06-21T00:00:00.000Z,createdBy.hmpvj@example.org,2009-12-17T00:00:00.000Z,modifiedBy.hmpvj@example.net
29613440-7ab6-47ae-bc56-0a8a155d82f6,name-29613440,2001-07-07T00:00:00.000Z,createdBy.hmpvk@example.net,2001-07-16T00:00:00.000Z,modifiedBy.hmpvk@example.org
29613441-d8b2-40d9-9d30-9e59859a560a,name-29613441,2007-07-19T00:00:00.000Z,createdBy.hmpvl@example.net,2002-11-16T00:00:00.000Z,modifiedBy.hmpvl@example.org
29613442-1a62-4b4e-a902-40de181e7e83,name-29613442,2009-05-14T00:00:00.000Z,createdBy.hmpvm@example.org,2013-04-02T00:00:00.000Z,modifiedBy.hmpvm@example.com
29613443-cb7e-42ea-aff7-a3524b199340,name-29613443,2021-04-08T00:00:00.000Z,createdBy.hmpvn@example.org,2000-11-14T00:00:00.000Z,modifiedBy.hmpvn@example.org
29613444-7e85-44b7-9efb-0e23e0b00e45,name-29613444,2017-05-07T00:00:00.000Z,createdBy.hmpvo@example.net,2004-06-13T00:00:00.000Z,modifiedBy.hmpvo@example.com
29613445-2fb4-4718-bf85-7b478bcf8b36,name-29613445,2000-09-08T00:00:00.000Z,createdBy.hmpvp@example.com,2004-03-31T00:00:00.000Z,modifiedBy.hmpvp@example.com
29613446-ce5b-4d7b-ba19-7b6957d897a1,name-29613446,2003-05-13T00:00:00.000Z,createdBy.hmpvq@example.net,2020-11-05T00:00:00.000Z,modifiedBy.hmpvq@example.org
29613447-78b6-4ef6-a6b3-53f18e5c1ffc,name-29613447,2003-04-18T00:00:00.000Z,createdBy.hmpvr@example.org,2002-01-17T00:00:00.000Z,modifiedBy.hmpvr@example.org
29613448-c55b-4cd4-a38d-ba90a0e9d1bf,name-29613448,2020-01-06T00:00:00.000Z,createdBy.hmpvs@example.net,2016-09-14T00:00:00.000Z,modifiedBy.hmpvs@example.net
29613449-09f6-4dfd-b4b2-d06de59f2fd3,name-29613449,2011-06-01T00:00:00.000Z,createdBy.hmpvt@example.net,2012-08-18T00:00:00.000Z,modifiedBy.hmpvt@example.org
29613450-8481-4fba-a44a-fa996aea7daf,name-29613450,2018-11-24T00:00:00.000Z,createdBy.hmpvu@example.org,2000-05-07T00:00:00.000Z,modifiedBy.hmpvu@example.net
29613451-8ea9-40d2-9494-23c3709511ce,name-29613451,2017-09-08T00:00:00.000Z,createdBy.hmpvv@example.net,2022-05-04T00:00:00.000Z,modifiedBy.hmpvv@example.com
29613452-9b00-4fab-82a9-f11d9b57d493,name-29613452,2001-03-24T00:00:00.000Z,createdBy.hmpvw@example.org,2004-07-27T00:00:00.000Z,modifiedBy.hmpvw@example.org
29613453-7bfe-4d1c-be5e-1ed15e209ab6,name-29613453,2023-09-02T00:00:00.000Z,createdBy.hmpvx@example.org,2019-05-20T00:00:00.000Z,modifiedBy.hmpvx@example.com
29613454-c6b4-43f4-b9ec-8d3a0de58acd,name-29613454,2003-12-29T00:00:00.000Z,createdBy.hmpvy@example.net,2004-12-10T00:00:00.000Z,modifiedBy.hmpvy@example.org
29613455-c617-42ef-a52c-e2f7b053100f,name-29613455,2010-05-15T00:00:00.000Z,createdBy.hmpvz@example.org,2006-01-21T00:00:00.000Z,modifiedBy.hmpvz@example.org
29613456-579d-4e62-9bee-0baf244484c1,name-29613456,2002-12-29T00:00:00.000Z,createdBy.hmpw0@example.org,2015-09-05T00:00:00.000Z,modifiedBy.hmpw0@example.net
29613457-ebdd-4515-93a3-bce738d1c5fe,name-29613457,2006-05-04T00:00:00.000Z,createdBy.hmpw1@example.net,2007-01-19T00:00:00.000Z,modifiedBy.hmpw1@example.net
29613458-17a1-4ab2-9689-b2df281477af,name-29613458,2009-05-12T00:00:00.000Z,createdBy.hmpw2@example.net,2008-09-23T00:00:00.000Z,modifiedBy.hmpw2@example.org
29613459-03a3-4c65-b11c-d8e2e34c29fd,name-29613459,2011-04-12T00:00:00.000Z,createdBy.hmpw3@example.net,2019-11-03T00:00:00.000Z,modifiedBy.hmpw3@example.com
29613460-7891-48f6-bce5-bc0eac840f47,name-29613460,2008-05-25T00:00:00.000Z,createdBy.hmpw4@example.org,2016-07-19T00:00:00.000Z,modifiedBy.hmpw4@example.com
29613461-892a-4c7d-998a-be5043aaf406,name-29613461,2023-05-01T00:00:00.000Z,createdBy.hmpw5@example.org,2019-05-24T00:00:00.000Z,modifiedBy.hmpw5@example.com
29613462-8cbb-4694-ade4-3bdab760ffc2,name-29613462,2019-10-26T00:00:00.000Z,createdBy.hmpw6@example.org,2011-01-12T00:00:00.000Z,modifiedBy.hmpw6@example.com
29613463-6cba-49fb-99d2-7b83c85be6d5,name-29613463,2019-05-21T00:00:00.000Z,createdBy.hmpw7@example.com,2008-06-12T00:00:00.000Z,modifiedBy.hmpw7@example.org
29613464-50af-4e21-9f24-2466972af583,name-29613464,2020-01-04T00:00:00.000Z,createdBy.hmpw8@example.net,2021-12-27T00:00:00.000Z,modifiedBy.hmpw8@example.com
29613465-866c-4645-9ea0-c02d1ce4f3b7,name-29613465,2008-10-12T00:00:00.000Z,createdBy.hmpw9@example.org,2012-05-30T00:00:00.000Z,modifiedBy.hmpw9@example.com
29613466-7b96-4d0d-a4dd-bcf5f6b940b4,name-29613466,2002-06-21T00:00:00.000Z,createdBy.hmpwa@example.org,2019-06-19T00:00:00.000Z,modifiedBy.hmpwa@example.com
29613467-9744-47d1-86bb-9c18eb1c8075,name-29613467,2004-01-16T00:00:00.000Z,createdBy.hmpwb@example.org,2012-08-31T00:00:00.000Z,modifiedBy.hmpwb@example.com
29613468-a25d-4b7c-8d03-55ef36950db1,name-29613468,2006-03-02T00:00:00.000Z,createdBy.hmpwc@example.com,2000-06-20T00:00:00.000Z,modifiedBy.hmpwc@example.net
29613469-36d7-4077-8380-7aa1d1eaf3ce,name-29613469,2006-12-02T00:00:00.000Z,createdBy.hmpwd@example.net,2009-03-20T00:00:00.000Z,modifiedBy.hmpwd@example.net
29613470-5e17-48b0-b3b0-f288f3162adf,name-29613470,2023-03-07T00:00:00.000Z,createdBy.hmpwe@example.org,2002-02-25T00:00:00.000Z,modifiedBy.hmpwe@example.org
29613471-22a7-404d-8f10-6400dac598ee,name-29613471,2011-07-29T00:00:00.000Z,createdBy.hmpwf@example.com,2000-10-20T00:00:00.000Z,modifiedBy.hmpwf@example.net
29613472-0b93-4394-abc1-1cdc0fd021c0,name-29613472,2012-10-22T00:00:00.000Z,createdBy.hmpwg@example.net,2011-06-28T00:00:00.000Z,modifiedBy.hmpwg@example.com
29613473-4eb1-47ca-af56-cbc8468a3d02,name-29613473,2017-04-17T00:00:00.000Z,createdBy.hmpwh@example.org,2013-05-15T00:00:00.000Z,modifiedBy.hmpwh@example.net
29613474-1a1c-4a58-9492-665914df364d,name-29613474,2005-06-11T00:00:00.000Z,createdBy.hmpwi@example.org,2016-03-15T00:00:00.000Z,modifiedBy.hmpwi@example.org
29613475-296f-452e-8d4e-b586dddc4029,name-29613475,2010-10-23T00:00:00.000Z,createdBy.hmpwj@example.com,2004-06-19T00:00:00.000Z,modifiedBy.hmpwj@example.net
29613476-0bc0-4a21-b150-69c294f670ca,name-29613476,2017-11-22T00:00:00.000Z,createdBy.hmpwk@example.net,2000-07-03T00:00:00.000Z,modifiedBy.hmpwk@example.net
29613477-6cb3-42a2-9185-26e96c2e6916,name-29613477,2008-11-07T00:00:00.000Z,createdBy.hmpwl@example.net,2000-05-21T00:00:00.000Z,modifiedBy.hmpwl@example.net
29613478-0c16-4b89-acbf-c09a05befdb5,name-29613478,2015-07-15T00:00:00.000Z,createdBy.hmpwm@example.org,2016-04-12T00:00:00.000Z,modifiedBy.hmpwm@example.net
29613479-1330-4778-b39c-2ebb65e19dab,name-29613479,2014-06-05T00:00:00.000Z,createdBy.hmpwn@example.net,2011-08-14T00:00:00.000Z,modifiedBy.hmpwn@example.net